NewPatientID,recist_mm,T-Stage
A0056,59.30900037628999,3
A0051,104.3665572537978,4
A0005,0.0,1b
A0033,25.859336307514933,1c
A0058,30.817416094890646,1c
A0002,73.1556417056169,2b
A0034,69.06242007427855,3
