patient_id,recist_mm,volume_ml,slice_index
Lung_Dx-A0056_(DL),59.30900037628999,45.11029853820797,11
Lung_Dx-A0051_(DL),104.3665572537978,182.08543151855469,20
Lung_Dx-A0005_(DL),0.0,0.0,0
Lung_Dx-A0033_(DL),25.859336307514933,3.7811019702577005,20
04-04-2007-NA-Chest-07990_(DL),56.50081428008578,61.883957405090335,44
Lung_Dx-A0058_(DL),30.817416094890646,7.40687255859375,103
Lung_Dx-A0002_(DL),73.1556417056169,60.006447357177734,15
Lung_Dx-A0034_(DL),69.06242007427855,95.44464534759521,30
